instance,maxRuntime,variableSelection,valueSelection,restarts,solutionsOverTime,isOptimal,runtime,nodes,fails,restarts,memory,vars,varsWithoutView,constraints,args
data/tsp/uncompressed/tsplib/u159.xml,1,(varsel=DOMWDEG;flushRate=2147483647),(valsel=MIN;best=BESTSUBSET;bestFreq=1;last=false),(pol=NONE;cutoff=0;offset=0;geo=1.0;resetOnSolution=false),,false,2.499,1,0,0,2048.00,333,332,174,-f -varh DOMWDEG -lc 1 -valsel MIN;BestSubset;1;false -restarts NONE;0;1.0;0;false -limit 00h00m01s data/tsp/uncompressed/tsplib/u159.xml
data/tsp/uncompressed/tsplib/br17.xml,1,(varsel=DOMWDEG;flushRate=2147483647),(valsel=MIN;best=BESTSUBSET;bestFreq=1;last=false),(pol=NONE;cutoff=0;offset=0;geo=1.0;resetOnSolution=false),(obj:97;t:0.088;nodes:16;fails:0;restarts:0)(obj:82;t:0.088;nodes:17;fails:0;restarts:0)(obj:40;t:0.088;nodes:20;fails:0;restarts:0)(obj:39;t:0.090;nodes:22;fails:3;restarts:0),false,1.014,25992,25977,0,2048.00,37,36,20,-f -varh DOMWDEG -lc 1 -valsel MIN;BestSubset;1;false -restarts NONE;0;1.0;0;false -limit 00h00m01s data/tsp/uncompressed/tsplib/br17.xml
data/tsp/uncompressed/tsplib/rbg358.xml,1,(varsel=DOMWDEG;flushRate=2147483647),(valsel=MIN;best=BESTSUBSET;bestFreq=1;last=false),(pol=NONE;cutoff=0;offset=0;geo=1.0;resetOnSolution=false),,false,1.008,83,0,0,2048.00,737,736,379,-f -varh DOMWDEG -lc 1 -valsel MIN;BestSubset;1;false -restarts NONE;0;1.0;0;false -limit 00h00m01s data/tsp/uncompressed/tsplib/rbg358.xml
data/tsp/uncompressed/tsplib/bier127.xml,1,(varsel=DOMWDEG;flushRate=2147483647),(valsel=MIN;best=BESTSUBSET;bestFreq=1;last=false),(pol=NONE;cutoff=0;offset=0;geo=1.0;resetOnSolution=false),,false,4.240,1,0,0,2048.00,268,267,141,-f -varh DOMWDEG -lc 1 -valsel MIN;BestSubset;1;false -restarts NONE;0;1.0;0;false -limit 00h00m01s data/tsp/uncompressed/tsplib/bier127.xml
data/tsp/uncompressed/tsplib/d1291.xml,1,(varsel=DOMWDEG;flushRate=2147483647),(valsel=MIN;best=BESTSUBSET;bestFreq=1;last=false),(pol=NONE;cutoff=0;offset=0;geo=1.0;resetOnSolution=false),,false,109.466,1,0,0,6432.00,2620,2619,1329,-f -varh DOMWDEG -lc 1 -valsel MIN;BestSubset;1;false -restarts NONE;0;1.0;0;false -limit 00h00m01s data/tsp/uncompressed/tsplib/d1291.xml
data/tsp/uncompressed/tsplib/rl1323.xml,1,(varsel=DOMWDEG;flushRate=2147483647),(valsel=MIN;best=BESTSUBSET;bestFreq=1;last=false),(pol=NONE;cutoff=0;offset=0;geo=1.0;resetOnSolution=false),,false,497.574,1,0,0,24144.00,2685,2684,1362,-f -varh DOMWDEG -lc 1 -valsel MIN;BestSubset;1;false -restarts NONE;0;1.0;0;false -limit 00h00m01s data/tsp/uncompressed/tsplib/rl1323.xml
data/tsp/uncompressed/tsplib/d493.xml,1,(varsel=DOMWDEG;flushRate=2147483647),(valsel=MIN;best=BESTSUBSET;bestFreq=1;last=false),(pol=NONE;cutoff=0;offset=0;geo=1.0;resetOnSolution=false),,false,13.862,1,0,0,4096.00,1011,1010,518,-f -varh DOMWDEG -lc 1 -valsel MIN;BestSubset;1;false -restarts NONE;0;1.0;0;false -limit 00h00m01s data/tsp/uncompressed/tsplib/d493.xml
data/tsp/uncompressed/tsplib/st70.xml,1,(varsel=DOMWDEG;flushRate=2147483647),(valsel=MIN;best=BESTSUBSET;bestFreq=1;last=false),(pol=NONE;cutoff=0;offset=0;geo=1.0;resetOnSolution=false),(obj:1016;t:0.138;nodes:69;fails:0;restarts:0)(obj:993;t:0.139;nodes:70;fails:0;restarts:0)(obj:989;t:0.140;nodes:73;fails:0;restarts:0)(obj:953;t:0.140;nodes:74;fails:0;restarts:0)(obj:950;t:0.145;nodes:78;fails:4;restarts:0)(obj:945;t:0.147;nodes:83;fails:7;restarts:0)(obj:942;t:0.190;nodes:227;fails:153;restarts:0)(obj:924;t:0.193;nodes:239;fails:159;restarts:0)(obj:922;t:0.197;nodes:256;fails:178;restarts:0)(obj:919;t:0.198;nodes:260;fails:181;restarts:0)(obj:918;t:0.203;nodes:289;fails:203;restarts:0)(obj:914;t:0.204;nodes:291;fails:203;restarts:0)(obj:887;t:0.207;nodes:312;fails:219;restarts:0)(obj:884;t:0.209;nodes:316;fails:229;restarts:0)(obj:883;t:0.237;nodes:467;fails:371;restarts:0)(obj:882;t:0.297;nodes:757;fails:662;restarts:0)(obj:879;t:0.317;nodes:878;fails:782;restarts:0)(obj:871;t:0.375;nodes:1189;fails:1090;restarts:0)(obj:866;t:0.384;nodes:1247;fails:1147;restarts:0)(obj:864;t:0.486;nodes:1908;fails:1806;restarts:0)(obj:863;t:0.499;nodes:2011;fails:1908;restarts:0)(obj:853;t:0.512;nodes:2130;fails:2025;restarts:0)(obj:850;t:0.523;nodes:2220;fails:2114;restarts:0)(obj:844;t:0.844;nodes:4819;fails:4711;restarts:0)(obj:841;t:0.856;nodes:4915;fails:4803;restarts:0),false,1.016,6007,5901,0,2048.00,151,150,81,-f -varh DOMWDEG -lc 1 -valsel MIN;BestSubset;1;false -restarts NONE;0;1.0;0;false -limit 00h00m01s data/tsp/uncompressed/tsplib/st70.xml
data/tsp/uncompressed/tsplib/kroE100.xml,1,(varsel=DOMWDEG;flushRate=2147483647),(valsel=MIN;best=BESTSUBSET;bestFreq=1;last=false),(pol=NONE;cutoff=0;offset=0;geo=1.0;resetOnSolution=false),(obj:33153;t:0.861;nodes:99;fails:0;restarts:0)(obj:32908;t:0.864;nodes:101;fails:2;restarts:0)(obj:30964;t:0.866;nodes:105;fails:3;restarts:0)(obj:30373;t:0.869;nodes:111;fails:6;restarts:0)(obj:30310;t:0.886;nodes:144;fails:39;restarts:0)(obj:30111;t:0.893;nodes:161;fails:55;restarts:0),false,1.015,540,438,0,2048.00,213,212,113,-f -varh DOMWDEG -lc 1 -valsel MIN;BestSubset;1;false -restarts NONE;0;1.0;0;false -limit 00h00m01s data/tsp/uncompressed/tsplib/kroE100.xml
data/tsp/uncompressed/tsplib/pcb3038.xml,1,(varsel=DOMWDEG;flushRate=2147483647),(valsel=MIN;best=BESTSUBSET;bestFreq=1;last=false),(pol=NONE;cutoff=0;offset=0;geo=1.0;resetOnSolution=false),,false,741.683,1,0,0,21680.00,6519,6518,3481,-f -varh DOMWDEG -lc 1 -valsel MIN;BestSubset;1;false -restarts NONE;0;1.0;0;false -limit 00h00m01s data/tsp/uncompressed/tsplib/pcb3038.xml
Error with input -f -varh DOMWDEG -lc 1 -valsel MIN;BestSubset;1;false -restarts NONE;0;1.0;0;false -limit 00h00m01s data/tsp/uncompressed/tsplib/ftv33.xml
data/tsp/uncompressed/tsplib/ch150.xml,1,(varsel=DOMWDEG;flushRate=2147483647),(valsel=MIN;best=BESTSUBSET;bestFreq=1;last=false),(pol=NONE;cutoff=0;offset=0;geo=1.0;resetOnSolution=false),(obj:21250;t:0.928;nodes:149;fails:0;restarts:0)(obj:21100;t:0.934;nodes:153;fails:4;restarts:0)(obj:20984;t:0.935;nodes:154;fails:4;restarts:0)(obj:20951;t:0.937;nodes:156;fails:4;restarts:0)(obj:20918;t:0.939;nodes:159;fails:4;restarts:0)(obj:20913;t:0.941;nodes:161;fails:5;restarts:0)(obj:20883;t:0.942;nodes:162;fails:5;restarts:0)(obj:20876;t:0.944;nodes:165;fails:6;restarts:0)(obj:20871;t:0.945;nodes:167;fails:6;restarts:0)(obj:20841;t:0.946;nodes:168;fails:7;restarts:0),false,1.015,348,185,0,2048.00,315,314,165,-f -varh DOMWDEG -lc 1 -valsel MIN;BestSubset;1;false -restarts NONE;0;1.0;0;false -limit 00h00m01s data/tsp/uncompressed/tsplib/ch150.xml
data/tsp/uncompressed/tsplib/d1655.xml,1,(varsel=DOMWDEG;flushRate=2147483647),(valsel=MIN;best=BESTSUBSET;bestFreq=1;last=false),(pol=NONE;cutoff=0;offset=0;geo=1.0;resetOnSolution=false),,false,176.964,1,0,0,10112.00,3353,3352,1698,-f -varh DOMWDEG -lc 1 -valsel MIN;BestSubset;1;false -restarts NONE;0;1.0;0;false -limit 00h00m01s data/tsp/uncompressed/tsplib/d1655.xml
data/tsp/uncompressed/tsplib/vm1084.xml,1,(varsel=DOMWDEG;flushRate=2147483647),(valsel=MIN;best=BESTSUBSET;bestFreq=1;last=false),(pol=NONE;cutoff=0;offset=0;geo=1.0;resetOnSolution=false),,false,327.443,1,0,0,21008.00,2203,2202,1119,-f -varh DOMWDEG -lc 1 -valsel MIN;BestSubset;1;false -restarts NONE;0;1.0;0;false -limit 00h00m01s data/tsp/uncompressed/tsplib/vm1084.xml
data/tsp/uncompressed/tsplib/ft70.xml,1,(varsel=DOMWDEG;flushRate=2147483647),(valsel=MIN;best=BESTSUBSET;bestFreq=1;last=false),(pol=NONE;cutoff=0;offset=0;geo=1.0;resetOnSolution=false),,false,9.934,1,0,0,30208.00,151,150,81,-f -varh DOMWDEG -lc 1 -valsel MIN;BestSubset;1;false -restarts NONE;0;1.0;0;false -limit 00h00m01s data/tsp/uncompressed/tsplib/ft70.xml
data/tsp/uncompressed/tsplib/berlin52.xml,1,(varsel=DOMWDEG;flushRate=2147483647),(valsel=MIN;best=BESTSUBSET;bestFreq=1;last=false),(pol=NONE;cutoff=0;offset=0;geo=1.0;resetOnSolution=false),(obj:10744;t:0.181;nodes:51;fails:0;restarts:0)(obj:10369;t:0.182;nodes:52;fails:0;restarts:0)(obj:10368;t:0.183;nodes:54;fails:1;restarts:0)(obj:10243;t:0.185;nodes:57;fails:1;restarts:0)(obj:9961;t:0.187;nodes:63;fails:4;restarts:0)(obj:9829;t:0.190;nodes:66;fails:7;restarts:0)(obj:9763;t:0.194;nodes:79;fails:17;restarts:0)(obj:9758;t:0.372;nodes:1427;fails:1364;restarts:0)(obj:9751;t:0.374;nodes:1440;fails:1376;restarts:0)(obj:9692;t:0.463;nodes:2526;fails:2458;restarts:0)(obj:9676;t:0.464;nodes:2531;fails:2464;restarts:0)(obj:9655;t:0.509;nodes:3165;fails:3095;restarts:0)(obj:9564;t:0.572;nodes:4174;fails:4101;restarts:0),false,1.014,9685,9614,0,2048.00,114,113,62,-f -varh DOMWDEG -lc 1 -valsel MIN;BestSubset;1;false -restarts NONE;0;1.0;0;false -limit 00h00m01s data/tsp/uncompressed/tsplib/berlin52.xml
data/tsp/uncompressed/tsplib/rl1304.xml,1,(varsel=DOMWDEG;flushRate=2147483647),(valsel=MIN;best=BESTSUBSET;bestFreq=1;last=false),(pol=NONE;cutoff=0;offset=0;geo=1.0;resetOnSolution=false),,false,480.847,1,0,0,22576.00,2647,2646,1343,-f -varh DOMWDEG -lc 1 -valsel MIN;BestSubset;1;false -restarts NONE;0;1.0;0;false -limit 00h00m01s data/tsp/uncompressed/tsplib/rl1304.xml
data/tsp/uncompressed/tsplib/gr48.xml,1,(varsel=DOMWDEG;flushRate=2147483647),(valsel=MIN;best=BESTSUBSET;bestFreq=1;last=false),(pol=NONE;cutoff=0;offset=0;geo=1.0;resetOnSolution=false),(obj:7069;t:0.138;nodes:47;fails:0;restarts:0)(obj:6935;t:0.141;nodes:49;fails:3;restarts:0)(obj:6504;t:0.143;nodes:54;fails:3;restarts:0)(obj:6414;t:0.146;nodes:61;fails:10;restarts:0)(obj:6282;t:0.149;nodes:67;fails:15;restarts:0)(obj:6152;t:0.152;nodes:72;fails:18;restarts:0)(obj:6132;t:0.158;nodes:81;fails:28;restarts:0)(obj:6083;t:0.164;nodes:97;fails:39;restarts:0)(obj:6064;t:0.169;nodes:111;fails:48;restarts:0)(obj:6057;t:0.199;nodes:230;fails:166;restarts:0)(obj:6014;t:0.200;nodes:231;fails:166;restarts:0)(obj:5933;t:0.201;nodes:241;fails:173;restarts:0)(obj:5903;t:0.201;nodes:242;fails:173;restarts:0)(obj:5884;t:0.201;nodes:243;fails:174;restarts:0)(obj:5863;t:0.268;nodes:631;fails:559;restarts:0)(obj:5830;t:0.315;nodes:1007;fails:934;restarts:0),false,1.015,7049,6981,0,2048.00,99,98,51,-f -varh DOMWDEG -lc 1 -valsel MIN;BestSubset;1;false -restarts NONE;0;1.0;0;false -limit 00h00m01s data/tsp/uncompressed/tsplib/gr48.xml
data/tsp/uncompressed/tsplib/gr229.xml,1,(varsel=DOMWDEG;flushRate=2147483647),(valsel=MIN;best=BESTSUBSET;bestFreq=1;last=false),(pol=NONE;cutoff=0;offset=0;geo=1.0;resetOnSolution=false),,false,13.892,1,0,0,5888.00,476,475,247,-f -varh DOMWDEG -lc 1 -valsel MIN;BestSubset;1;false -restarts NONE;0;1.0;0;false -limit 00h00m01s data/tsp/uncompressed/tsplib/gr229.xml
Error with input -f -varh DOMWDEG -lc 1 -valsel MIN;BestSubset;1;false -restarts NONE;0;1.0;0;false -limit 00h00m01s data/tsp/uncompressed/tsplib/ftv38.xml
data/tsp/uncompressed/tsplib/u2152.xml,1,(varsel=DOMWDEG;flushRate=2147483647),(valsel=MIN;best=BESTSUBSET;bestFreq=1;last=false),(pol=NONE;cutoff=0;offset=0;geo=1.0;resetOnSolution=false),,false,204.898,1,0,0,15856.00,4353,4352,2201,-f -varh DOMWDEG -lc 1 -valsel MIN;BestSubset;1;false -restarts NONE;0;1.0;0;false -limit 00h00m01s data/tsp/uncompressed/tsplib/u2152.xml
data/tsp/uncompressed/tsplib/eil101.xml,1,(varsel=DOMWDEG;flushRate=2147483647),(valsel=MIN;best=BESTSUBSET;bestFreq=1;last=false),(pol=NONE;cutoff=0;offset=0;geo=1.0;resetOnSolution=false),(obj:850;t:0.231;nodes:100;fails:0;restarts:0)(obj:848;t:0.237;nodes:103;fails:5;restarts:0)(obj:841;t:0.240;nodes:110;fails:9;restarts:0)(obj:825;t:0.246;nodes:124;fails:20;restarts:0),false,1.015,5785,5685,0,2048.00,215,214,114,-f -varh DOMWDEG -lc 1 -valsel MIN;BestSubset;1;false -restarts NONE;0;1.0;0;false -limit 00h00m01s data/tsp/uncompressed/tsplib/eil101.xml
data/tsp/uncompressed/tsplib/u1432.xml,1,(varsel=DOMWDEG;flushRate=2147483647),(valsel=MIN;best=BESTSUBSET;bestFreq=1;last=false),(pol=NONE;cutoff=0;offset=0;geo=1.0;resetOnSolution=false),,false,194.515,1,0,0,16144.00,2904,2903,1472,-f -varh DOMWDEG -lc 1 -valsel MIN;BestSubset;1;false -restarts NONE;0;1.0;0;false -limit 00h00m01s data/tsp/uncompressed/tsplib/u1432.xml
data/tsp/uncompressed/tsplib/gil262.xml,1,(varsel=DOMWDEG;flushRate=2147483647),(valsel=MIN;best=BESTSUBSET;bestFreq=1;last=false),(pol=NONE;cutoff=0;offset=0;geo=1.0;resetOnSolution=false),,false,1.010,23,0,0,2048.00,543,542,281,-f -varh DOMWDEG -lc 1 -valsel MIN;BestSubset;1;false -restarts NONE;0;1.0;0;false -limit 00h00m01s data/tsp/uncompressed/tsplib/gil262.xml
data/tsp/uncompressed/tsplib/kroD100.xml,1,(varsel=DOMWDEG;flushRate=2147483647),(valsel=MIN;best=BESTSUBSET;bestFreq=1;last=false),(pol=NONE;cutoff=0;offset=0;geo=1.0;resetOnSolution=false),(obj:28565;t:0.855;nodes:99;fails:0;restarts:0)(obj:28564;t:0.863;nodes:107;fails:8;restarts:0)(obj:28270;t:0.867;nodes:112;fails:13;restarts:0)(obj:28231;t:0.908;nodes:216;fails:114;restarts:0)(obj:27936;t:0.910;nodes:220;fails:116;restarts:0)(obj:27589;t:0.958;nodes:398;fails:291;restarts:0)(obj:27540;t:0.980;nodes:494;fails:386;restarts:0),false,1.015,584,480,0,2048.00,213,212,113,-f -varh DOMWDEG -lc 1 -valsel MIN;BestSubset;1;false -restarts NONE;0;1.0;0;false -limit 00h00m01s data/tsp/uncompressed/tsplib/kroD100.xml
data/tsp/uncompressed/tsplib/gr202.xml,1,(varsel=DOMWDEG;flushRate=2147483647),(valsel=MIN;best=BESTSUBSET;bestFreq=1;last=false),(pol=NONE;cutoff=0;offset=0;geo=1.0;resetOnSolution=false),,false,3.555,1,0,0,2048.00,421,420,219,-f -varh DOMWDEG -lc 1 -valsel MIN;BestSubset;1;false -restarts NONE;0;1.0;0;false -limit 00h00m01s data/tsp/uncompressed/tsplib/gr202.xml
data/tsp/uncompressed/tsplib/ch130.xml,1,(varsel=DOMWDEG;flushRate=2147483647),(valsel=MIN;best=BESTSUBSET;bestFreq=1;last=false),(pol=NONE;cutoff=0;offset=0;geo=1.0;resetOnSolution=false),(obj:15960;t:0.681;nodes:129;fails:0;restarts:0)(obj:15951;t:0.684;nodes:131;fails:1;restarts:0)(obj:15852;t:0.686;nodes:135;fails:2;restarts:0)(obj:15849;t:0.688;nodes:137;fails:4;restarts:0)(obj:15827;t:0.691;nodes:143;fails:7;restarts:0)(obj:15792;t:0.692;nodes:145;fails:7;restarts:0)(obj:15788;t:0.694;nodes:149;fails:9;restarts:0)(obj:15778;t:0.696;nodes:156;fails:13;restarts:0)(obj:15759;t:0.697;nodes:158;fails:14;restarts:0)(obj:15738;t:0.711;nodes:207;fails:61;restarts:0)(obj:15722;t:0.712;nodes:208;fails:61;restarts:0)(obj:15709;t:0.724;nodes:247;fails:98;restarts:0)(obj:15693;t:0.732;nodes:277;fails:125;restarts:0)(obj:15692;t:0.732;nodes:278;fails:125;restarts:0)(obj:15618;t:0.733;nodes:280;fails:125;restarts:0)(obj:15605;t:0.737;nodes:299;fails:141;restarts:0)(obj:15596;t:0.749;nodes:364;fails:206;restarts:0)(obj:15588;t:0.832;nodes:914;fails:753;restarts:0)(obj:15557;t:0.842;nodes:993;fails:829;restarts:0)(obj:15536;t:0.856;nodes:1112;fails:948;restarts:0)(obj:15491;t:0.860;nodes:1153;fails:984;restarts:0)(obj:15478;t:0.875;nodes:1266;fails:1098;restarts:0)(obj:15474;t:0.881;nodes:1322;fails:1153;restarts:0),false,1.016,2392,2225,0,2048.00,274,273,144,-f -varh DOMWDEG -lc 1 -valsel MIN;BestSubset;1;false -restarts NONE;0;1.0;0;false -limit 00h00m01s data/tsp/uncompressed/tsplib/ch130.xml
data/tsp/uncompressed/tsplib/pr124.xml,1,(varsel=DOMWDEG;flushRate=2147483647),(valsel=MIN;best=BESTSUBSET;bestFreq=1;last=false),(pol=NONE;cutoff=0;offset=0;geo=1.0;resetOnSolution=false),,false,2.879,1,0,0,2048.00,262,261,138,-f -varh DOMWDEG -lc 1 -valsel MIN;BestSubset;1;false -restarts NONE;0;1.0;0;false -limit 00h00m01s data/tsp/uncompressed/tsplib/pr124.xml
data/tsp/uncompressed/tsplib/brazil58.xml,1,(varsel=DOMWDEG;flushRate=2147483647),(valsel=MIN;best=BESTSUBSET;bestFreq=1;last=false),(pol=NONE;cutoff=0;offset=0;geo=1.0;resetOnSolution=false),(obj:37048;t:0.480;nodes:57;fails:0;restarts:0)(obj:35962;t:0.481;nodes:58;fails:0;restarts:0)(obj:35605;t:0.481;nodes:60;fails:0;restarts:0)(obj:35413;t:0.482;nodes:61;fails:0;restarts:0)(obj:33709;t:0.483;nodes:65;fails:0;restarts:0)(obj:32915;t:0.483;nodes:66;fails:0;restarts:0)(obj:32567;t:0.490;nodes:76;fails:10;restarts:0)(obj:32469;t:0.498;nodes:96;fails:27;restarts:0)(obj:32209;t:0.499;nodes:97;fails:27;restarts:0)(obj:31821;t:0.501;nodes:101;fails:30;restarts:0)(obj:31366;t:0.520;nodes:168;fails:95;restarts:0)(obj:31275;t:0.533;nodes:229;fails:154;restarts:0),false,1.015,4741,4667,0,2048.00,126,125,68,-f -varh DOMWDEG -lc 1 -valsel MIN;BestSubset;1;false -restarts NONE;0;1.0;0;false -limit 00h00m01s data/tsp/uncompressed/tsplib/brazil58.xml
data/tsp/uncompressed/tsplib/rl1889.xml,1,(varsel=DOMWDEG;flushRate=2147483647),(valsel=MIN;best=BESTSUBSET;bestFreq=1;last=false),(pol=NONE;cutoff=0;offset=0;geo=1.0;resetOnSolution=false),,false,1030.102,1,0,0,30208.00,3824,3823,1935,-f -varh DOMWDEG -lc 1 -valsel MIN;BestSubset;1;false -restarts NONE;0;1.0;0;false -limit 00h00m01s data/tsp/uncompressed/tsplib/rl1889.xml
data/tsp/uncompressed/tsplib/u574.xml,1,(varsel=DOMWDEG;flushRate=2147483647),(valsel=MIN;best=BESTSUBSET;bestFreq=1;last=false),(pol=NONE;cutoff=0;offset=0;geo=1.0;resetOnSolution=false),,false,16.204,1,0,0,3136.00,1174,1173,600,-f -varh DOMWDEG -lc 1 -valsel MIN;BestSubset;1;false -restarts NONE;0;1.0;0;false -limit 00h00m01s data/tsp/uncompressed/tsplib/u574.xml
data/tsp/uncompressed/tsplib/u1817.xml,1,(varsel=DOMWDEG;flushRate=2147483647),(valsel=MIN;best=BESTSUBSET;bestFreq=1;last=false),(pol=NONE;cutoff=0;offset=0;geo=1.0;resetOnSolution=false),,false,147.126,1,0,0,10176.00,3679,3678,1862,-f -varh DOMWDEG -lc 1 -valsel MIN;BestSubset;1;false -restarts NONE;0;1.0;0;false -limit 00h00m01s data/tsp/uncompressed/tsplib/u1817.xml
data/tsp/uncompressed/tsplib/fnl4461.xml,1,(varsel=DOMWDEG;flushRate=2147483647),(valsel=MIN;best=BESTSUBSET;bestFreq=1;last=false),(pol=NONE;cutoff=0;offset=0;geo=1.0;resetOnSolution=false),,false,1792.726,1,0,0,30208.00,9519,9518,5058,-f -varh DOMWDEG -lc 1 -valsel MIN;BestSubset;1;false -restarts NONE;0;1.0;0;false -limit 00h00m01s data/tsp/uncompressed/tsplib/fnl4461.xml
data/tsp/uncompressed/tsplib/d657.xml,1,(varsel=DOMWDEG;flushRate=2147483647),(valsel=MIN;best=BESTSUBSET;bestFreq=1;last=false),(pol=NONE;cutoff=0;offset=0;geo=1.0;resetOnSolution=false),,false,27.214,1,0,0,8400.00,1342,1341,685,-f -varh DOMWDEG -lc 1 -valsel MIN;BestSubset;1;false -restarts NONE;0;1.0;0;false -limit 00h00m01s data/tsp/uncompressed/tsplib/d657.xml
data/tsp/uncompressed/tsplib/hk48.xml,1,(varsel=DOMWDEG;flushRate=2147483647),(valsel=MIN;best=BESTSUBSET;bestFreq=1;last=false),(pol=NONE;cutoff=0;offset=0;geo=1.0;resetOnSolution=false),(obj:16804;t:0.176;nodes:47;fails:0;restarts:0)(obj:16659;t:0.176;nodes:49;fails:1;restarts:0)(obj:15943;t:0.179;nodes:53;fails:4;restarts:0)(obj:15766;t:0.190;nodes:70;fails:17;restarts:0)(obj:15421;t:0.192;nodes:74;fails:20;restarts:0)(obj:15384;t:0.226;nodes:193;fails:137;restarts:0)(obj:15376;t:0.228;nodes:204;fails:146;restarts:0)(obj:15281;t:0.240;nodes:267;fails:207;restarts:0)(obj:15168;t:0.250;nodes:327;fails:266;restarts:0)(obj:15130;t:0.266;nodes:440;fails:377;restarts:0)(obj:15079;t:0.547;nodes:3295;fails:3232;restarts:0)(obj:15041;t:0.548;nodes:3306;fails:3239;restarts:0)(obj:15014;t:0.637;nodes:4326;fails:4257;restarts:0),false,1.014,8500,8433,0,2048.00,99,98,51,-f -varh DOMWDEG -lc 1 -valsel MIN;BestSubset;1;false -restarts NONE;0;1.0;0;false -limit 00h00m01s data/tsp/uncompressed/tsplib/hk48.xml
data/tsp/uncompressed/tsplib/bayg29.xml,1,(varsel=DOMWDEG;flushRate=2147483647),(valsel=MIN;best=BESTSUBSET;bestFreq=1;last=false),(pol=NONE;cutoff=0;offset=0;geo=1.0;resetOnSolution=false),(obj:1867;t:0.059;nodes:28;fails:0;restarts:0)(obj:1864;t:0.063;nodes:33;fails:6;restarts:0)(obj:1845;t:0.068;nodes:42;fails:14;restarts:0)(obj:1841;t:0.077;nodes:62;fails:31;restarts:0)(obj:1827;t:0.077;nodes:63;fails:31;restarts:0)(obj:1810;t:0.079;nodes:68;fails:33;restarts:0)(obj:1797;t:0.079;nodes:71;fails:34;restarts:0)(obj:1783;t:0.143;nodes:413;fails:379;restarts:0)(obj:1772;t:0.180;nodes:703;fails:664;restarts:0)(obj:1749;t:0.180;nodes:708;fails:666;restarts:0)(obj:1739;t:0.281;nodes:1627;fails:1584;restarts:0)(obj:1715;t:0.281;nodes:1628;fails:1584;restarts:0)(obj:1703;t:0.534;nodes:4312;fails:4267;restarts:0)(obj:1692;t:0.752;nodes:6467;fails:6418;restarts:0)(obj:1687;t:0.752;nodes:6475;fails:6420;restarts:0)(obj:1684;t:0.752;nodes:6476;fails:6420;restarts:0)(obj:1683;t:0.793;nodes:6833;fails:6780;restarts:0)(obj:1671;t:0.814;nodes:7059;fails:7000;restarts:0),false,1.014,8453,8406,0,2048.00,61,60,32,-f -varh DOMWDEG -lc 1 -valsel MIN;BestSubset;1;false -restarts NONE;0;1.0;0;false -limit 00h00m01s data/tsp/uncompressed/tsplib/bayg29.xml
data/tsp/uncompressed/tsplib/rat575.xml,1,(varsel=DOMWDEG;flushRate=2147483647),(valsel=MIN;best=BESTSUBSET;bestFreq=1;last=false),(pol=NONE;cutoff=0;offset=0;geo=1.0;resetOnSolution=false),,false,2.895,1,0,0,2048.00,1176,1175,601,-f -varh DOMWDEG -lc 1 -valsel MIN;BestSubset;1;false -restarts NONE;0;1.0;0;false -limit 00h00m01s data/tsp/uncompressed/tsplib/rat575.xml
data/tsp/uncompressed/tsplib/kroA150.xml,1,(varsel=DOMWDEG;flushRate=2147483647),(valsel=MIN;best=BESTSUBSET;bestFreq=1;last=false),(pol=NONE;cutoff=0;offset=0;geo=1.0;resetOnSolution=false),,false,1.436,1,0,0,2048.00,315,314,165,-f -varh DOMWDEG -lc 1 -valsel MIN;BestSubset;1;false -restarts NONE;0;1.0;0;false -limit 00h00m01s data/tsp/uncompressed/tsplib/kroA150.xml
data/tsp/uncompressed/tsplib/rbg323.xml,1,(varsel=DOMWDEG;flushRate=2147483647),(valsel=MIN;best=BESTSUBSET;bestFreq=1;last=false),(pol=NONE;cutoff=0;offset=0;geo=1.0;resetOnSolution=false),,false,1.007,118,0,0,2048.00,666,665,343,-f -varh DOMWDEG -lc 1 -valsel MIN;BestSubset;1;false -restarts NONE;0;1.0;0;false -limit 00h00m01s data/tsp/uncompressed/tsplib/rbg323.xml
data/tsp/uncompressed/tsplib/pcb1173.xml,1,(varsel=DOMWDEG;flushRate=2147483647),(valsel=MIN;best=BESTSUBSET;bestFreq=1;last=false),(pol=NONE;cutoff=0;offset=0;geo=1.0;resetOnSolution=false),,false,65.378,1,0,0,6576.00,2383,2382,1210,-f -varh DOMWDEG -lc 1 -valsel MIN;BestSubset;1;false -restarts NONE;0;1.0;0;false -limit 00h00m01s data/tsp/uncompressed/tsplib/pcb1173.xml
data/tsp/uncompressed/tsplib/gr120.xml,1,(varsel=DOMWDEG;flushRate=2147483647),(valsel=MIN;best=BESTSUBSET;bestFreq=1;last=false),(pol=NONE;cutoff=0;offset=0;geo=1.0;resetOnSolution=false),(obj:15546;t:0.634;nodes:119;fails:0;restarts:0)(obj:15369;t:0.636;nodes:122;fails:1;restarts:0)(obj:15292;t:0.638;nodes:124;fails:3;restarts:0)(obj:15286;t:0.649;nodes:138;fails:18;restarts:0)(obj:15217;t:0.652;nodes:143;fails:20;restarts:0),false,1.015,1821,1702,0,2048.00,253,252,133,-f -varh DOMWDEG -lc 1 -valsel MIN;BestSubset;1;false -restarts NONE;0;1.0;0;false -limit 00h00m01s data/tsp/uncompressed/tsplib/gr120.xml
Error with input -f -varh DOMWDEG -lc 1 -valsel MIN;BestSubset;1;false -restarts NONE;0;1.0;0;false -limit 00h00m01s data/tsp/uncompressed/tsplib/ftv170.xml
data/tsp/uncompressed/tsplib/kroA100.xml,1,(varsel=DOMWDEG;flushRate=2147483647),(valsel=MIN;best=BESTSUBSET;bestFreq=1;last=false),(pol=NONE;cutoff=0;offset=0;geo=1.0;resetOnSolution=false),(obj:30246;t:0.874;nodes:99;fails:0;restarts:0)(obj:29893;t:0.875;nodes:101;fails:1;restarts:0)(obj:29329;t:0.879;nodes:107;fails:4;restarts:0)(obj:29260;t:0.880;nodes:108;fails:5;restarts:0)(obj:28860;t:0.884;nodes:114;fails:10;restarts:0)(obj:28166;t:0.890;nodes:127;fails:19;restarts:0)(obj:28073;t:0.893;nodes:132;fails:28;restarts:0)(obj:27108;t:0.902;nodes:150;fails:37;restarts:0)(obj:26890;t:0.904;nodes:151;fails:46;restarts:0)(obj:26797;t:0.906;nodes:156;fails:47;restarts:0)(obj:26689;t:0.911;nodes:167;fails:55;restarts:0)(obj:26596;t:0.915;nodes:175;fails:62;restarts:0),false,1.014,431,321,0,2048.00,213,212,113,-f -varh DOMWDEG -lc 1 -valsel MIN;BestSubset;1;false -restarts NONE;0;1.0;0;false -limit 00h00m01s data/tsp/uncompressed/tsplib/kroA100.xml
data/tsp/uncompressed/tsplib/vm1748.xml,1,(varsel=DOMWDEG;flushRate=2147483647),(valsel=MIN;best=BESTSUBSET;bestFreq=1;last=false),(pol=NONE;cutoff=0;offset=0;geo=1.0;resetOnSolution=false),,false,903.091,1,0,0,24304.00,3540,3539,1792,-f -varh DOMWDEG -lc 1 -valsel MIN;BestSubset;1;false -restarts NONE;0;1.0;0;false -limit 00h00m01s data/tsp/uncompressed/tsplib/vm1748.xml
data/tsp/uncompressed/tsplib/ry48p.xml,1,(varsel=DOMWDEG;flushRate=2147483647),(valsel=MIN;best=BESTSUBSET;bestFreq=1;last=false),(pol=NONE;cutoff=0;offset=0;geo=1.0;resetOnSolution=false),,false,5.435,1,0,0,21904.00,99,98,51,-f -varh DOMWDEG -lc 1 -valsel MIN;BestSubset;1;false -restarts NONE;0;1.0;0;false -limit 00h00m01s data/tsp/uncompressed/tsplib/ry48p.xml
Error with input -f -varh DOMWDEG -lc 1 -valsel MIN;BestSubset;1;false -restarts NONE;0;1.0;0;false -limit 00h00m01s data/tsp/uncompressed/tsplib/ftv70.xml
data/tsp/uncompressed/tsplib/si1032.xml,1,(varsel=DOMWDEG;flushRate=2147483647),(valsel=MIN;best=BESTSUBSET;bestFreq=1;last=false),(pol=NONE;cutoff=0;offset=0;geo=1.0;resetOnSolution=false),,false,9.722,1,0,0,6240.00,2099,2098,1067,-f -varh DOMWDEG -lc 1 -valsel MIN;BestSubset;1;false -restarts NONE;0;1.0;0;false -limit 00h00m01s data/tsp/uncompressed/tsplib/si1032.xml
data/tsp/uncompressed/tsplib/rbg403.xml,1,(varsel=DOMWDEG;flushRate=2147483647),(valsel=MIN;best=BESTSUBSET;bestFreq=1;last=false),(pol=NONE;cutoff=0;offset=0;geo=1.0;resetOnSolution=false),,false,1.011,62,0,0,2048.00,829,828,426,-f -varh DOMWDEG -lc 1 -valsel MIN;BestSubset;1;false -restarts NONE;0;1.0;0;false -limit 00h00m01s data/tsp/uncompressed/tsplib/rbg403.xml
data/tsp/uncompressed/tsplib/kroB100.xml,1,(varsel=DOMWDEG;flushRate=2147483647),(valsel=MIN;best=BESTSUBSET;bestFreq=1;last=false),(pol=NONE;cutoff=0;offset=0;geo=1.0;resetOnSolution=false),(obj:29133;t:0.873;nodes:99;fails:0;restarts:0)(obj:28784;t:0.878;nodes:104;fails:7;restarts:0)(obj:28104;t:0.879;nodes:106;fails:7;restarts:0)(obj:28001;t:0.881;nodes:109;fails:8;restarts:0)(obj:27961;t:0.884;nodes:113;fails:10;restarts:0)(obj:27936;t:0.900;nodes:151;fails:45;restarts:0)(obj:27932;t:0.901;nodes:152;fails:45;restarts:0)(obj:27857;t:0.939;nodes:264;fails:154;restarts:0)(obj:27635;t:0.941;nodes:270;fails:158;restarts:0)(obj:27631;t:0.944;nodes:280;fails:169;restarts:0)(obj:27531;t:0.952;nodes:308;fails:194;restarts:0)(obj:27416;t:0.954;nodes:318;fails:203;restarts:0),false,1.014,486,372,0,2048.00,213,212,113,-f -varh DOMWDEG -lc 1 -valsel MIN;BestSubset;1;false -restarts NONE;0;1.0;0;false -limit 00h00m01s data/tsp/uncompressed/tsplib/kroB100.xml
data/tsp/uncompressed/tsplib/burma14.xml,1,(varsel=DOMWDEG;flushRate=2147483647),(valsel=MIN;best=BESTSUBSET;bestFreq=1;last=false),(pol=NONE;cutoff=0;offset=0;geo=1.0;resetOnSolution=false),(obj:4202;t:0.046;nodes:13;fails:0;restarts:0)(obj:4125;t:0.049;nodes:16;fails:3;restarts:0)(obj:3750;t:0.053;nodes:24;fails:8;restarts:0)(obj:3655;t:0.057;nodes:32;fails:15;restarts:0)(obj:3642;t:0.058;nodes:34;fails:16;restarts:0)(obj:3624;t:0.058;nodes:36;fails:16;restarts:0)(obj:3607;t:0.075;nodes:76;fails:54;restarts:0)(obj:3606;t:0.076;nodes:82;fails:58;restarts:0)(obj:3567;t:0.076;nodes:83;fails:58;restarts:0)(obj:3471;t:0.083;nodes:116;fails:88;restarts:0)(obj:3426;t:0.089;nodes:145;fails:114;restarts:0)(obj:3413;t:0.095;nodes:183;fails:151;restarts:0)(obj:3404;t:0.109;nodes:267;fails:235;restarts:0)(obj:3382;t:0.115;nodes:320;fails:286;restarts:0)(obj:3346;t:0.127;nodes:423;fails:385;restarts:0)(obj:3336;t:0.196;nodes:1220;fails:1180;restarts:0)(obj:3323;t:0.199;nodes:1265;fails:1224;restarts:0),true,0.598,6857,6824,0,2048.00,31,30,17,-f -varh DOMWDEG -lc 1 -valsel MIN;BestSubset;1;false -restarts NONE;0;1.0;0;false -limit 00h00m01s data/tsp/uncompressed/tsplib/burma14.xml
data/tsp/uncompressed/tsplib/kroB150.xml,1,(varsel=DOMWDEG;flushRate=2147483647),(valsel=MIN;best=BESTSUBSET;bestFreq=1;last=false),(pol=NONE;cutoff=0;offset=0;geo=1.0;resetOnSolution=false),,false,1.398,1,0,0,2048.00,315,314,165,-f -varh DOMWDEG -lc 1 -valsel MIN;BestSubset;1;false -restarts NONE;0;1.0;0;false -limit 00h00m01s data/tsp/uncompressed/tsplib/kroB150.xml
Error with input -f -varh DOMWDEG -lc 1 -valsel MIN;BestSubset;1;false -restarts NONE;0;1.0;0;false -limit 00h00m01s data/tsp/uncompressed/tsplib/ftv35.xml
data/tsp/uncompressed/tsplib/gr666.xml,1,(varsel=DOMWDEG;flushRate=2147483647),(valsel=MIN;best=BESTSUBSET;bestFreq=1;last=false),(pol=NONE;cutoff=0;offset=0;geo=1.0;resetOnSolution=false),,false,121.749,1,0,0,18048.00,1360,1359,694,-f -varh DOMWDEG -lc 1 -valsel MIN;BestSubset;1;false -restarts NONE;0;1.0;0;false -limit 00h00m01s data/tsp/uncompressed/tsplib/gr666.xml
Error with input -f -varh DOMWDEG -lc 1 -valsel MIN;BestSubset;1;false -restarts NONE;0;1.0;0;false -limit 00h00m01s data/tsp/uncompressed/tsplib/ftv64.xml
data/tsp/uncompressed/tsplib/gr17.xml,1,(varsel=DOMWDEG;flushRate=2147483647),(valsel=MIN;best=BESTSUBSET;bestFreq=1;last=false),(pol=NONE;cutoff=0;offset=0;geo=1.0;resetOnSolution=false),(obj:2739;t:0.046;nodes:16;fails:0;restarts:0)(obj:2728;t:0.048;nodes:20;fails:2;restarts:0)(obj:2727;t:0.048;nodes:21;fails:2;restarts:0)(obj:2694;t:0.051;nodes:28;fails:6;restarts:0)(obj:2604;t:0.053;nodes:33;fails:10;restarts:0)(obj:2517;t:0.056;nodes:38;fails:14;restarts:0)(obj:2503;t:0.066;nodes:60;fails:33;restarts:0)(obj:2476;t:0.067;nodes:65;fails:37;restarts:0)(obj:2389;t:0.069;nodes:72;fails:41;restarts:0)(obj:2278;t:0.075;nodes:89;fails:56;restarts:0)(obj:2276;t:0.625;nodes:10196;fails:10163;restarts:0)(obj:2275;t:0.625;nodes:10208;fails:10173;restarts:0)(obj:2262;t:0.633;nodes:10346;fails:10308;restarts:0)(obj:2242;t:0.638;nodes:10474;fails:10435;restarts:0)(obj:2229;t:0.657;nodes:10946;fails:10906;restarts:0)(obj:2199;t:0.719;nodes:12597;fails:12554;restarts:0)(obj:2198;t:0.719;nodes:12609;fails:12563;restarts:0)(obj:2154;t:0.722;nodes:12655;fails:12606;restarts:0)(obj:2123;t:0.723;nodes:12686;fails:12636;restarts:0)(obj:2090;t:0.724;nodes:12720;fails:12668;restarts:0),false,1.014,17273,17226,0,2048.00,37,36,20,-f -varh DOMWDEG -lc 1 -valsel MIN;BestSubset;1;false -restarts NONE;0;1.0;0;false -limit 00h00m01s data/tsp/uncompressed/tsplib/gr17.xml
data/tsp/uncompressed/tsplib/u2319.xml,1,(varsel=DOMWDEG;flushRate=2147483647),(valsel=MIN;best=BESTSUBSET;bestFreq=1;last=false),(pol=NONE;cutoff=0;offset=0;geo=1.0;resetOnSolution=false),,false,509.936,1,0,0,16800.00,4689,4688,2370,-f -varh DOMWDEG -lc 1 -valsel MIN;BestSubset;1;false -restarts NONE;0;1.0;0;false -limit 00h00m01s data/tsp/uncompressed/tsplib/u2319.xml
data/tsp/uncompressed/tsplib/rat195.xml,1,(varsel=DOMWDEG;flushRate=2147483647),(valsel=MIN;best=BESTSUBSET;bestFreq=1;last=false),(pol=NONE;cutoff=0;offset=0;geo=1.0;resetOnSolution=false),,false,1.006,58,0,0,2048.00,406,405,211,-f -varh DOMWDEG -lc 1 -valsel MIN;BestSubset;1;false -restarts NONE;0;1.0;0;false -limit 00h00m01s data/tsp/uncompressed/tsplib/rat195.xml
data/tsp/uncompressed/tsplib/pr1002.xml,1,(varsel=DOMWDEG;flushRate=2147483647),(valsel=MIN;best=BESTSUBSET;bestFreq=1;last=false),(pol=NONE;cutoff=0;offset=0;geo=1.0;resetOnSolution=false),,false,246.710,1,0,0,20528.00,2038,2037,1036,-f -varh DOMWDEG -lc 1 -valsel MIN;BestSubset;1;false -restarts NONE;0;1.0;0;false -limit 00h00m01s data/tsp/uncompressed/tsplib/pr1002.xml
data/tsp/uncompressed/tsplib/swiss42.xml,1,(varsel=DOMWDEG;flushRate=2147483647),(valsel=MIN;best=BESTSUBSET;bestFreq=1;last=false),(pol=NONE;cutoff=0;offset=0;geo=1.0;resetOnSolution=false),(obj:1698;t:0.081;nodes:41;fails:0;restarts:0)(obj:1696;t:0.084;nodes:45;fails:3;restarts:0)(obj:1691;t:0.085;nodes:47;fails:4;restarts:0)(obj:1652;t:0.086;nodes:51;fails:6;restarts:0)(obj:1587;t:0.090;nodes:58;fails:10;restarts:0)(obj:1576;t:0.100;nodes:78;fails:31;restarts:0)(obj:1563;t:0.106;nodes:89;fails:40;restarts:0)(obj:1558;t:0.211;nodes:709;fails:658;restarts:0)(obj:1552;t:0.217;nodes:763;fails:711;restarts:0)(obj:1550;t:0.225;nodes:842;fails:787;restarts:0)(obj:1545;t:0.226;nodes:850;fails:794;restarts:0)(obj:1537;t:0.227;nodes:862;fails:804;restarts:0)(obj:1536;t:0.236;nodes:955;fails:895;restarts:0)(obj:1530;t:0.239;nodes:976;fails:915;restarts:0)(obj:1525;t:0.335;nodes:1924;fails:1862;restarts:0)(obj:1521;t:0.345;nodes:2035;fails:1967;restarts:0)(obj:1504;t:0.347;nodes:2060;fails:1992;restarts:0)(obj:1501;t:0.353;nodes:2117;fails:2049;restarts:0)(obj:1490;t:0.467;nodes:3405;fails:3330;restarts:0)(obj:1485;t:0.467;nodes:3408;fails:3332;restarts:0)(obj:1470;t:0.467;nodes:3411;fails:3334;restarts:0)(obj:1439;t:0.583;nodes:4576;fails:4494;restarts:0),false,1.015,7674,7602,0,2048.00,87,86,45,-f -varh DOMWDEG -lc 1 -valsel MIN;BestSubset;1;false -restarts NONE;0;1.0;0;false -limit 00h00m01s data/tsp/uncompressed/tsplib/swiss42.xml
data/tsp/uncompressed/tsplib/rd400.xml,1,(varsel=DOMWDEG;flushRate=2147483647),(valsel=MIN;best=BESTSUBSET;bestFreq=1;last=false),(pol=NONE;cutoff=0;offset=0;geo=1.0;resetOnSolution=false),,false,3.405,1,0,0,2048.00,823,822,423,-f -varh DOMWDEG -lc 1 -valsel MIN;BestSubset;1;false -restarts NONE;0;1.0;0;false -limit 00h00m01s data/tsp/uncompressed/tsplib/rd400.xml
data/tsp/uncompressed/tsplib/pr144.xml,1,(varsel=DOMWDEG;flushRate=2147483647),(valsel=MIN;best=BESTSUBSET;bestFreq=1;last=false),(pol=NONE;cutoff=0;offset=0;geo=1.0;resetOnSolution=false),,false,3.873,1,0,0,2048.00,303,302,159,-f -varh DOMWDEG -lc 1 -valsel MIN;BestSubset;1;false -restarts NONE;0;1.0;0;false -limit 00h00m01s data/tsp/uncompressed/tsplib/pr144.xml
data/tsp/uncompressed/tsplib/eil76.xml,1,(varsel=DOMWDEG;flushRate=2147483647),(valsel=MIN;best=BESTSUBSET;bestFreq=1;last=false),(pol=NONE;cutoff=0;offset=0;geo=1.0;resetOnSolution=false),(obj:751;t:0.145;nodes:75;fails:0;restarts:0)(obj:744;t:0.147;nodes:77;fails:1;restarts:0)(obj:711;t:0.151;nodes:84;fails:5;restarts:0)(obj:710;t:0.152;nodes:86;fails:6;restarts:0)(obj:701;t:0.177;nodes:151;fails:70;restarts:0)(obj:697;t:0.180;nodes:162;fails:79;restarts:0)(obj:685;t:0.187;nodes:188;fails:102;restarts:0)(obj:684;t:0.209;nodes:298;fails:212;restarts:0)(obj:679;t:0.210;nodes:300;fails:213;restarts:0)(obj:676;t:0.214;nodes:326;fails:238;restarts:0)(obj:671;t:0.242;nodes:488;fails:397;restarts:0)(obj:662;t:0.243;nodes:493;fails:397;restarts:0)(obj:661;t:0.244;nodes:497;fails:406;restarts:0)(obj:659;t:0.299;nodes:835;fails:737;restarts:0)(obj:658;t:0.300;nodes:840;fails:741;restarts:0)(obj:657;t:0.394;nodes:1517;fails:1415;restarts:0)(obj:656;t:0.424;nodes:1790;fails:1690;restarts:0)(obj:652;t:0.427;nodes:1816;fails:1710;restarts:0)(obj:650;t:0.604;nodes:3334;fails:3229;restarts:0)(obj:649;t:0.710;nodes:4214;fails:4109;restarts:0)(obj:648;t:0.762;nodes:4659;fails:4550;restarts:0)(obj:647;t:0.763;nodes:4666;fails:4552;restarts:0)(obj:642;t:0.763;nodes:4668;fails:4552;restarts:0),false,1.015,6434,6324,0,2048.00,163,162,87,-f -varh DOMWDEG -lc 1 -valsel MIN;BestSubset;1;false -restarts NONE;0;1.0;0;false -limit 00h00m01s data/tsp/uncompressed/tsplib/eil76.xml
data/tsp/uncompressed/tsplib/fl1400.xml,1,(varsel=DOMWDEG;flushRate=2147483647),(valsel=MIN;best=BESTSUBSET;bestFreq=1;last=false),(pol=NONE;cutoff=0;offset=0;geo=1.0;resetOnSolution=false),,false,82.247,1,0,0,11280.00,2840,2839,1440,-f -varh DOMWDEG -lc 1 -valsel MIN;BestSubset;1;false -restarts NONE;0;1.0;0;false -limit 00h00m01s data/tsp/uncompressed/tsplib/fl1400.xml
data/tsp/uncompressed/tsplib/pr107.xml,1,(varsel=DOMWDEG;flushRate=2147483647),(valsel=MIN;best=BESTSUBSET;bestFreq=1;last=false),(pol=NONE;cutoff=0;offset=0;geo=1.0;resetOnSolution=false),,false,1.912,1,0,0,2048.00,227,226,120,-f -varh DOMWDEG -lc 1 -valsel MIN;BestSubset;1;false -restarts NONE;0;1.0;0;false -limit 00h00m01s data/tsp/uncompressed/tsplib/pr107.xml
data/tsp/uncompressed/tsplib/kroB200.xml,1,(varsel=DOMWDEG;flushRate=2147483647),(valsel=MIN;best=BESTSUBSET;bestFreq=1;last=false),(pol=NONE;cutoff=0;offset=0;geo=1.0;resetOnSolution=false),,false,2.486,1,0,0,2048.00,417,416,217,-f -varh DOMWDEG -lc 1 -valsel MIN;BestSubset;1;false -restarts NONE;0;1.0;0;false -limit 00h00m01s data/tsp/uncompressed/tsplib/kroB200.xml
data/tsp/uncompressed/tsplib/fl417.xml,1,(varsel=DOMWDEG;flushRate=2147483647),(valsel=MIN;best=BESTSUBSET;bestFreq=1;last=false),(pol=NONE;cutoff=0;offset=0;geo=1.0;resetOnSolution=false),,false,6.336,1,0,0,2048.00,857,856,440,-f -varh DOMWDEG -lc 1 -valsel MIN;BestSubset;1;false -restarts NONE;0;1.0;0;false -limit 00h00m01s data/tsp/uncompressed/tsplib/fl417.xml
data/tsp/uncompressed/tsplib/pcb442.xml,1,(varsel=DOMWDEG;flushRate=2147483647),(valsel=MIN;best=BESTSUBSET;bestFreq=1;last=false),(pol=NONE;cutoff=0;offset=0;geo=1.0;resetOnSolution=false),,false,13.314,1,0,0,4096.00,908,907,466,-f -varh DOMWDEG -lc 1 -valsel MIN;BestSubset;1;false -restarts NONE;0;1.0;0;false -limit 00h00m01s data/tsp/uncompressed/tsplib/pcb442.xml
data/tsp/uncompressed/tsplib/brg180.xml,1,(varsel=DOMWDEG;flushRate=2147483647),(valsel=MIN;best=BESTSUBSET;bestFreq=1;last=false),(pol=NONE;cutoff=0;offset=0;geo=1.0;resetOnSolution=false),,false,4.977,1,0,0,2048.00,376,375,196,-f -varh DOMWDEG -lc 1 -valsel MIN;BestSubset;1;false -restarts NONE;0;1.0;0;false -limit 00h00m01s data/tsp/uncompressed/tsplib/brg180.xml
data/tsp/uncompressed/tsplib/kroA200.xml,1,(varsel=DOMWDEG;flushRate=2147483647),(valsel=MIN;best=BESTSUBSET;bestFreq=1;last=false),(pol=NONE;cutoff=0;offset=0;geo=1.0;resetOnSolution=false),,false,2.557,1,0,0,2048.00,417,416,217,-f -varh DOMWDEG -lc 1 -valsel MIN;BestSubset;1;false -restarts NONE;0;1.0;0;false -limit 00h00m01s data/tsp/uncompressed/tsplib/kroA200.xml
data/tsp/uncompressed/tsplib/pr152.xml,1,(varsel=DOMWDEG;flushRate=2147483647),(valsel=MIN;best=BESTSUBSET;bestFreq=1;last=false),(pol=NONE;cutoff=0;offset=0;geo=1.0;resetOnSolution=false),,false,5.533,1,0,0,2048.00,319,318,167,-f -varh DOMWDEG -lc 1 -valsel MIN;BestSubset;1;false -restarts NONE;0;1.0;0;false -limit 00h00m01s data/tsp/uncompressed/tsplib/pr152.xml
data/tsp/uncompressed/tsplib/ft53.xml,1,(varsel=DOMWDEG;flushRate=2147483647),(valsel=MIN;best=BESTSUBSET;bestFreq=1;last=false),(pol=NONE;cutoff=0;offset=0;geo=1.0;resetOnSolution=false),,false,6.177,1,0,0,24848.00,116,115,63,-f -varh DOMWDEG -lc 1 -valsel MIN;BestSubset;1;false -restarts NONE;0;1.0;0;false -limit 00h00m01s data/tsp/uncompressed/tsplib/ft53.xml
data/tsp/uncompressed/tsplib/ali535.xml,1,(varsel=DOMWDEG;flushRate=2147483647),(valsel=MIN;best=BESTSUBSET;bestFreq=1;last=false),(pol=NONE;cutoff=0;offset=0;geo=1.0;resetOnSolution=false),,false,76.133,1,0,0,12288.00,1096,1095,561,-f -varh DOMWDEG -lc 1 -valsel MIN;BestSubset;1;false -restarts NONE;0;1.0;0;false -limit 00h00m01s data/tsp/uncompressed/tsplib/ali535.xml
data/tsp/uncompressed/tsplib/ts225.xml,1,(varsel=DOMWDEG;flushRate=2147483647),(valsel=MIN;best=BESTSUBSET;bestFreq=1;last=false),(pol=NONE;cutoff=0;offset=0;geo=1.0;resetOnSolution=false),,false,12.411,1,0,0,6048.00,468,467,243,-f -varh DOMWDEG -lc 1 -valsel MIN;BestSubset;1;false -restarts NONE;0;1.0;0;false -limit 00h00m01s data/tsp/uncompressed/tsplib/ts225.xml
data/tsp/uncompressed/tsplib/u724.xml,1,(varsel=DOMWDEG;flushRate=2147483647),(valsel=MIN;best=BESTSUBSET;bestFreq=1;last=false),(pol=NONE;cutoff=0;offset=0;geo=1.0;resetOnSolution=false),,false,24.260,1,0,0,8016.00,1477,1476,753,-f -varh DOMWDEG -lc 1 -valsel MIN;BestSubset;1;false -restarts NONE;0;1.0;0;false -limit 00h00m01s data/tsp/uncompressed/tsplib/u724.xml
data/tsp/uncompressed/tsplib/pr2392.xml,1,(varsel=DOMWDEG;flushRate=2147483647),(valsel=MIN;best=BESTSUBSET;bestFreq=1;last=false),(pol=NONE;cutoff=0;offset=0;geo=1.0;resetOnSolution=false),,false,1339.287,1,0,0,30208.00,4835,4834,2443,-f -varh DOMWDEG -lc 1 -valsel MIN;BestSubset;1;false -restarts NONE;0;1.0;0;false -limit 00h00m01s data/tsp/uncompressed/tsplib/pr2392.xml
data/tsp/uncompressed/tsplib/rbg443.xml,1,(varsel=DOMWDEG;flushRate=2147483647),(valsel=MIN;best=BESTSUBSET;bestFreq=1;last=false),(pol=NONE;cutoff=0;offset=0;geo=1.0;resetOnSolution=false),,false,1.007,52,0,0,2048.00,910,909,467,-f -varh DOMWDEG -lc 1 -valsel MIN;BestSubset;1;false -restarts NONE;0;1.0;0;false -limit 00h00m01s data/tsp/uncompressed/tsplib/rbg443.xml
data/tsp/uncompressed/tsplib/gr137.xml,1,(varsel=DOMWDEG;flushRate=2147483647),(valsel=MIN;best=BESTSUBSET;bestFreq=1;last=false),(pol=NONE;cutoff=0;offset=0;geo=1.0;resetOnSolution=false),,false,4.051,1,0,0,2048.00,288,287,151,-f -varh DOMWDEG -lc 1 -valsel MIN;BestSubset;1;false -restarts NONE;0;1.0;0;false -limit 00h00m01s data/tsp/uncompressed/tsplib/gr137.xml
data/tsp/uncompressed/tsplib/ulysses22.xml,1,(varsel=DOMWDEG;flushRate=2147483647),(valsel=MIN;best=BESTSUBSET;bestFreq=1;last=false),(pol=NONE;cutoff=0;offset=0;geo=1.0;resetOnSolution=false),(obj:8858;t:0.079;nodes:21;fails:0;restarts:0)(obj:8828;t:0.081;nodes:23;fails:2;restarts:0)(obj:8724;t:0.083;nodes:26;fails:2;restarts:0)(obj:8439;t:0.083;nodes:29;fails:2;restarts:0)(obj:8336;t:0.086;nodes:35;fails:8;restarts:0)(obj:8056;t:0.088;nodes:40;fails:10;restarts:0)(obj:7964;t:0.094;nodes:52;fails:24;restarts:0)(obj:7871;t:0.095;nodes:54;fails:24;restarts:0)(obj:7702;t:0.099;nodes:64;fails:31;restarts:0)(obj:7593;t:0.113;nodes:105;fails:70;restarts:0)(obj:7527;t:0.114;nodes:110;fails:72;restarts:0)(obj:7358;t:0.116;nodes:121;fails:82;restarts:0)(obj:7310;t:0.192;nodes:631;fails:590;restarts:0)(obj:7185;t:0.233;nodes:1120;fails:1078;restarts:0)(obj:7177;t:0.234;nodes:1131;fails:1088;restarts:0)(obj:7137;t:0.337;nodes:2185;fails:2140;restarts:0),false,1.014,10948,10902,0,2048.00,47,46,25,-f -varh DOMWDEG -lc 1 -valsel MIN;BestSubset;1;false -restarts NONE;0;1.0;0;false -limit 00h00m01s data/tsp/uncompressed/tsplib/ulysses22.xml
data/tsp/uncompressed/tsplib/fl3795.xml,1,(varsel=DOMWDEG;flushRate=2147483647),(valsel=MIN;best=BESTSUBSET;bestFreq=1;last=false),(pol=NONE;cutoff=0;offset=0;geo=1.0;resetOnSolution=false),,false,682.407,1,0,0,23360.00,8081,8080,4286,-f -varh DOMWDEG -lc 1 -valsel MIN;BestSubset;1;false -restarts NONE;0;1.0;0;false -limit 00h00m01s data/tsp/uncompressed/tsplib/fl3795.xml
data/tsp/uncompressed/tsplib/gr24.xml,1,(varsel=DOMWDEG;flushRate=2147483647),(valsel=MIN;best=BESTSUBSET;bestFreq=1;last=false),(pol=NONE;cutoff=0;offset=0;geo=1.0;resetOnSolution=false),(obj:1704;t:0.046;nodes:23;fails:0;restarts:0)(obj:1697;t:0.048;nodes:26;fails:3;restarts:0)(obj:1651;t:0.050;nodes:29;fails:4;restarts:0)(obj:1621;t:0.051;nodes:31;fails:6;restarts:0)(obj:1594;t:0.052;nodes:34;fails:6;restarts:0)(obj:1592;t:0.079;nodes:117;fails:85;restarts:0)(obj:1563;t:0.079;nodes:118;fails:85;restarts:0)(obj:1492;t:0.080;nodes:123;fails:89;restarts:0)(obj:1411;t:0.092;nodes:186;fails:147;restarts:0)(obj:1400;t:0.244;nodes:1779;fails:1743;restarts:0)(obj:1387;t:0.285;nodes:2323;fails:2284;restarts:0)(obj:1385;t:0.287;nodes:2336;fails:2299;restarts:0)(obj:1383;t:0.501;nodes:5080;fails:5037;restarts:0)(obj:1373;t:0.514;nodes:5310;fails:5264;restarts:0)(obj:1371;t:0.563;nodes:6107;fails:6059;restarts:0)(obj:1369;t:0.608;nodes:6888;fails:6839;restarts:0)(obj:1365;t:0.847;nodes:10012;fails:9963;restarts:0)(obj:1356;t:0.848;nodes:10028;fails:9974;restarts:0)(obj:1354;t:0.849;nodes:10033;fails:9982;restarts:0),false,1.014,11635,11588,0,2048.00,51,50,27,-f -varh DOMWDEG -lc 1 -valsel MIN;BestSubset;1;false -restarts NONE;0;1.0;0;false -limit 00h00m01s data/tsp/uncompressed/tsplib/gr24.xml
data/tsp/uncompressed/tsplib/p43.xml,1,(varsel=DOMWDEG;flushRate=2147483647),(valsel=MIN;best=BESTSUBSET;bestFreq=1;last=false),(pol=NONE;cutoff=0;offset=0;geo=1.0;resetOnSolution=false),(obj:5750;t:0.195;nodes:42;fails:0;restarts:0)(obj:5703;t:0.197;nodes:45;fails:1;restarts:0)(obj:5698;t:0.197;nodes:46;fails:1;restarts:0)(obj:5696;t:0.199;nodes:49;fails:2;restarts:0)(obj:5695;t:0.200;nodes:51;fails:4;restarts:0)(obj:5689;t:0.204;nodes:60;fails:10;restarts:0)(obj:5688;t:0.208;nodes:69;fails:16;restarts:0)(obj:5686;t:0.213;nodes:80;fails:27;restarts:0)(obj:5685;t:0.215;nodes:87;fails:33;restarts:0)(obj:5680;t:0.228;nodes:140;fails:83;restarts:0)(obj:5679;t:0.233;nodes:168;fails:108;restarts:0)(obj:5678;t:0.338;nodes:1191;fails:1130;restarts:0)(obj:5676;t:0.593;nodes:5938;fails:5877;restarts:0)(obj:5673;t:0.608;nodes:6277;fails:6214;restarts:0),false,1.014,15584,15520,0,2048.00,89,88,46,-f -varh DOMWDEG -lc 1 -valsel MIN;BestSubset;1;false -restarts NONE;0;1.0;0;false -limit 00h00m01s data/tsp/uncompressed/tsplib/p43.xml
data/tsp/uncompressed/tsplib/pr76.xml,1,(varsel=DOMWDEG;flushRate=2147483647),(valsel=MIN;best=BESTSUBSET;bestFreq=1;last=false),(pol=NONE;cutoff=0;offset=0;geo=1.0;resetOnSolution=false),,false,1.890,1,0,0,2048.00,163,162,87,-f -varh DOMWDEG -lc 1 -valsel MIN;BestSubset;1;false -restarts NONE;0;1.0;0;false -limit 00h00m01s data/tsp/uncompressed/tsplib/pr76.xml
data/tsp/uncompressed/tsplib/gr21.xml,1,(varsel=DOMWDEG;flushRate=2147483647),(valsel=MIN;best=BESTSUBSET;bestFreq=1;last=false),(pol=NONE;cutoff=0;offset=0;geo=1.0;resetOnSolution=false),(obj:3815;t:0.053;nodes:20;fails:0;restarts:0)(obj:3733;t:0.055;nodes:24;fails:3;restarts:0)(obj:3723;t:0.057;nodes:27;fails:5;restarts:0)(obj:3670;t:0.058;nodes:31;fails:5;restarts:0)(obj:3598;t:0.058;nodes:32;fails:7;restarts:0)(obj:3388;t:0.059;nodes:35;fails:7;restarts:0)(obj:3368;t:0.061;nodes:40;fails:11;restarts:0)(obj:3168;t:0.063;nodes:44;fails:12;restarts:0)(obj:3162;t:0.340;nodes:2754;fails:2725;restarts:0)(obj:3147;t:0.340;nodes:2760;fails:2728;restarts:0)(obj:3106;t:0.365;nodes:3083;fails:3047;restarts:0)(obj:3053;t:0.365;nodes:3087;fails:3049;restarts:0)(obj:3052;t:0.386;nodes:3443;fails:3406;restarts:0)(obj:3024;t:0.400;nodes:3578;fails:3538;restarts:0)(obj:2971;t:0.401;nodes:3585;fails:3543;restarts:0)(obj:2952;t:0.410;nodes:3671;fails:3626;restarts:0)(obj:2905;t:0.410;nodes:3672;fails:3626;restarts:0)(obj:2898;t:0.445;nodes:3974;fails:3929;restarts:0)(obj:2851;t:0.497;nodes:4593;fails:4545;restarts:0),false,1.015,9391,9346,0,2048.00,45,44,24,-f -varh DOMWDEG -lc 1 -valsel MIN;BestSubset;1;false -restarts NONE;0;1.0;0;false -limit 00h00m01s data/tsp/uncompressed/tsplib/gr21.xml
data/tsp/uncompressed/tsplib/rd100.xml,1,(varsel=DOMWDEG;flushRate=2147483647),(valsel=MIN;best=BESTSUBSET;bestFreq=1;last=false),(pol=NONE;cutoff=0;offset=0;geo=1.0;resetOnSolution=false),(obj:12039;t:0.463;nodes:99;fails:0;restarts:0)(obj:11866;t:0.467;nodes:103;fails:4;restarts:0)(obj:11841;t:0.470;nodes:107;fails:7;restarts:0)(obj:11766;t:0.497;nodes:176;fails:75;restarts:0)(obj:11722;t:0.507;nodes:210;fails:105;restarts:0)(obj:11472;t:0.513;nodes:234;fails:125;restarts:0)(obj:11388;t:0.521;nodes:261;fails:152;restarts:0)(obj:11371;t:0.523;nodes:268;fails:157;restarts:0)(obj:11297;t:0.524;nodes:269;fails:157;restarts:0)(obj:11257;t:0.532;nodes:303;fails:190;restarts:0)(obj:11207;t:0.566;nodes:439;fails:320;restarts:0)(obj:11125;t:0.567;nodes:440;fails:320;restarts:0)(obj:11105;t:0.569;nodes:452;fails:331;restarts:0)(obj:11054;t:0.570;nodes:459;fails:336;restarts:0)(obj:10942;t:0.571;nodes:464;fails:341;restarts:0)(obj:10921;t:0.580;nodes:508;fails:384;restarts:0)(obj:10900;t:0.582;nodes:517;fails:388;restarts:0)(obj:10894;t:0.637;nodes:790;fails:661;restarts:0)(obj:10826;t:0.637;nodes:795;fails:662;restarts:0),false,1.015,3016,2890,0,2048.00,213,212,113,-f -varh DOMWDEG -lc 1 -valsel MIN;BestSubset;1;false -restarts NONE;0;1.0;0;false -limit 00h00m01s data/tsp/uncompressed/tsplib/rd100.xml
data/tsp/uncompressed/tsplib/gr431.xml,1,(varsel=DOMWDEG;flushRate=2147483647),(valsel=MIN;best=BESTSUBSET;bestFreq=1;last=false),(pol=NONE;cutoff=0;offset=0;geo=1.0;resetOnSolution=false),,false,48.599,1,0,0,13536.00,885,884,454,-f -varh DOMWDEG -lc 1 -valsel MIN;BestSubset;1;false -restarts NONE;0;1.0;0;false -limit 00h00m01s data/tsp/uncompressed/tsplib/gr431.xml
data/tsp/uncompressed/tsplib/dantzig42.xml,1,(varsel=DOMWDEG;flushRate=2147483647),(valsel=MIN;best=BESTSUBSET;bestFreq=1;last=false),(pol=NONE;cutoff=0;offset=0;geo=1.0;resetOnSolution=false),(obj:1110;t:0.076;nodes:41;fails:0;restarts:0)(obj:1038;t:0.078;nodes:43;fails:1;restarts:0)(obj:1026;t:0.079;nodes:46;fails:2;restarts:0)(obj:1022;t:0.080;nodes:48;fails:2;restarts:0)(obj:1010;t:0.080;nodes:49;fails:2;restarts:0)(obj:976;t:0.084;nodes:55;fails:6;restarts:0)(obj:945;t:0.086;nodes:60;fails:9;restarts:0)(obj:919;t:0.089;nodes:65;fails:12;restarts:0)(obj:916;t:0.089;nodes:68;fails:13;restarts:0)(obj:896;t:0.090;nodes:69;fails:13;restarts:0)(obj:894;t:0.098;nodes:91;fails:30;restarts:0)(obj:873;t:0.152;nodes:397;fails:336;restarts:0)(obj:862;t:0.360;nodes:2452;fails:2391;restarts:0),false,1.014,9812,9752,0,2048.00,87,86,45,-f -varh DOMWDEG -lc 1 -valsel MIN;BestSubset;1;false -restarts NONE;0;1.0;0;false -limit 00h00m01s data/tsp/uncompressed/tsplib/dantzig42.xml
data/tsp/uncompressed/tsplib/pr136.xml,1,(varsel=DOMWDEG;flushRate=2147483647),(valsel=MIN;best=BESTSUBSET;bestFreq=1;last=false),(pol=NONE;cutoff=0;offset=0;geo=1.0;resetOnSolution=false),,false,3.825,1,0,0,2048.00,286,285,150,-f -varh DOMWDEG -lc 1 -valsel MIN;BestSubset;1;false -restarts NONE;0;1.0;0;false -limit 00h00m01s data/tsp/uncompressed/tsplib/pr136.xml
data/tsp/uncompressed/tsplib/lin105.xml,1,(varsel=DOMWDEG;flushRate=2147483647),(valsel=MIN;best=BESTSUBSET;bestFreq=1;last=false),(pol=NONE;cutoff=0;offset=0;geo=1.0;resetOnSolution=false),(obj:25630;t:0.800;nodes:104;fails:0;restarts:0)(obj:25231;t:0.803;nodes:107;fails:1;restarts:0)(obj:24336;t:0.804;nodes:109;fails:2;restarts:0)(obj:24292;t:0.808;nodes:115;fails:8;restarts:0)(obj:24093;t:0.810;nodes:119;fails:9;restarts:0)(obj:23306;t:0.811;nodes:123;fails:9;restarts:0)(obj:23279;t:0.816;nodes:135;fails:21;restarts:0)(obj:22861;t:0.822;nodes:149;fails:33;restarts:0)(obj:22811;t:0.878;nodes:325;fails:210;restarts:0)(obj:22775;t:0.904;nodes:456;fails:339;restarts:0)(obj:22511;t:0.990;nodes:979;fails:857;restarts:0)(obj:22497;t:0.991;nodes:984;fails:862;restarts:0)(obj:22447;t:0.992;nodes:991;fails:866;restarts:0),false,1.015,1046,923,0,2048.00,223,222,118,-f -varh DOMWDEG -lc 1 -valsel MIN;BestSubset;1;false -restarts NONE;0;1.0;0;false -limit 00h00m01s data/tsp/uncompressed/tsplib/lin105.xml
data/tsp/uncompressed/tsplib/si535.xml,1,(varsel=DOMWDEG;flushRate=2147483647),(valsel=MIN;best=BESTSUBSET;bestFreq=1;last=false),(pol=NONE;cutoff=0;offset=0;geo=1.0;resetOnSolution=false),,false,2.658,1,0,0,2048.00,1096,1095,561,-f -varh DOMWDEG -lc 1 -valsel MIN;BestSubset;1;false -restarts NONE;0;1.0;0;false -limit 00h00m01s data/tsp/uncompressed/tsplib/si535.xml
data/tsp/uncompressed/tsplib/pa561.xml,1,(varsel=DOMWDEG;flushRate=2147483647),(valsel=MIN;best=BESTSUBSET;bestFreq=1;last=false),(pol=NONE;cutoff=0;offset=0;geo=1.0;resetOnSolution=false),,false,1.124,1,0,0,2048.00,1148,1147,587,-f -varh DOMWDEG -lc 1 -valsel MIN;BestSubset;1;false -restarts NONE;0;1.0;0;false -limit 00h00m01s data/tsp/uncompressed/tsplib/pa561.xml
data/tsp/uncompressed/tsplib/lin318.xml,1,(varsel=DOMWDEG;flushRate=2147483647),(valsel=MIN;best=BESTSUBSET;bestFreq=1;last=false),(pol=NONE;cutoff=0;offset=0;geo=1.0;resetOnSolution=false),,false,7.059,1,0,0,2048.00,656,655,338,-f -varh DOMWDEG -lc 1 -valsel MIN;BestSubset;1;false -restarts NONE;0;1.0;0;false -limit 00h00m01s data/tsp/uncompressed/tsplib/lin318.xml
data/tsp/uncompressed/tsplib/d2103.xml,1,(varsel=DOMWDEG;flushRate=2147483647),(valsel=MIN;best=BESTSUBSET;bestFreq=1;last=false),(pol=NONE;cutoff=0;offset=0;geo=1.0;resetOnSolution=false),,false,314.218,1,0,0,20336.00,4254,4253,2151,-f -varh DOMWDEG -lc 1 -valsel MIN;BestSubset;1;false -restarts NONE;0;1.0;0;false -limit 00h00m01s data/tsp/uncompressed/tsplib/d2103.xml
data/tsp/uncompressed/tsplib/p654.xml,1,(varsel=DOMWDEG;flushRate=2147483647),(valsel=MIN;best=BESTSUBSET;bestFreq=1;last=false),(pol=NONE;cutoff=0;offset=0;geo=1.0;resetOnSolution=false),,false,39.771,1,0,0,8608.00,1336,1335,682,-f -varh DOMWDEG -lc 1 -valsel MIN;BestSubset;1;false -restarts NONE;0;1.0;0;false -limit 00h00m01s data/tsp/uncompressed/tsplib/p654.xml
data/tsp/uncompressed/tsplib/att48.xml,1,(varsel=DOMWDEG;flushRate=2147483647),(valsel=MIN;best=BESTSUBSET;bestFreq=1;last=false),(pol=NONE;cutoff=0;offset=0;geo=1.0;resetOnSolution=false),(obj:15900;t:0.179;nodes:47;fails:0;restarts:0)(obj:15385;t:0.180;nodes:48;fails:0;restarts:0)(obj:15167;t:0.187;nodes:58;fails:9;restarts:0)(obj:14964;t:0.187;nodes:59;fails:9;restarts:0)(obj:14846;t:0.210;nodes:114;fails:62;restarts:0)(obj:14763;t:0.211;nodes:115;fails:62;restarts:0)(obj:14745;t:0.212;nodes:122;fails:65;restarts:0)(obj:14593;t:0.330;nodes:928;fails:870;restarts:0)(obj:14502;t:0.330;nodes:929;fails:870;restarts:0)(obj:14457;t:0.335;nodes:962;fails:900;restarts:0)(obj:14439;t:0.336;nodes:970;fails:908;restarts:0)(obj:14435;t:0.387;nodes:1384;fails:1320;restarts:0)(obj:14424;t:0.388;nodes:1401;fails:1335;restarts:0)(obj:14417;t:0.389;nodes:1405;fails:1335;restarts:0)(obj:14354;t:0.394;nodes:1451;fails:1381;restarts:0)(obj:14266;t:0.462;nodes:2104;fails:2031;restarts:0)(obj:14238;t:0.482;nodes:2281;fails:2207;restarts:0)(obj:14203;t:0.486;nodes:2315;fails:2238;restarts:0)(obj:14081;t:0.550;nodes:2845;fails:2765;restarts:0)(obj:13997;t:0.551;nodes:2852;fails:2770;restarts:0)(obj:13990;t:0.552;nodes:2863;fails:2782;restarts:0)(obj:13962;t:0.558;nodes:2936;fails:2850;restarts:0)(obj:13955;t:0.559;nodes:2938;fails:2852;restarts:0)(obj:13892;t:0.562;nodes:2975;fails:2887;restarts:0)(obj:13764;t:0.872;nodes:6180;fails:6091;restarts:0)(obj:13603;t:0.897;nodes:6430;fails:6337;restarts:0)(obj:13518;t:0.897;nodes:6431;fails:6337;restarts:0)(obj:13462;t:0.961;nodes:6945;fails:6847;restarts:0)(obj:13445;t:0.961;nodes:6948;fails:6849;restarts:0)(obj:13332;t:0.961;nodes:6949;fails:6849;restarts:0)(obj:13318;t:0.962;nodes:6954;fails:6851;restarts:0)(obj:13303;t:0.969;nodes:7011;fails:6907;restarts:0)(obj:13289;t:0.969;nodes:7016;fails:6910;restarts:0),false,1.016,7251,7149,0,2048.00,99,98,51,-f -varh DOMWDEG -lc 1 -valsel MIN;BestSubset;1;false -restarts NONE;0;1.0;0;false -limit 00h00m01s data/tsp/uncompressed/tsplib/att48.xml
data/tsp/uncompressed/tsplib/att532.xml,1,(varsel=DOMWDEG;flushRate=2147483647),(valsel=MIN;best=BESTSUBSET;bestFreq=1;last=false),(pol=NONE;cutoff=0;offset=0;geo=1.0;resetOnSolution=false),,false,11.337,1,0,0,4096.00,1090,1089,558,-f -varh DOMWDEG -lc 1 -valsel MIN;BestSubset;1;false -restarts NONE;0;1.0;0;false -limit 00h00m01s data/tsp/uncompressed/tsplib/att532.xml
data/tsp/uncompressed/tsplib/fri26.xml,1,(varsel=DOMWDEG;flushRate=2147483647),(valsel=MIN;best=BESTSUBSET;bestFreq=1;last=false),(pol=NONE;cutoff=0;offset=0;geo=1.0;resetOnSolution=false),(obj:1216;t:0.051;nodes:25;fails:0;restarts:0)(obj:1167;t:0.053;nodes:27;fails:2;restarts:0)(obj:1166;t:0.211;nodes:1482;fails:1457;restarts:0)(obj:1164;t:0.233;nodes:1811;fails:1784;restarts:0)(obj:1150;t:0.233;nodes:1819;fails:1788;restarts:0)(obj:1148;t:0.287;nodes:2812;fails:2778;restarts:0)(obj:1141;t:0.339;nodes:3698;fails:3663;restarts:0)(obj:1123;t:0.339;nodes:3699;fails:3663;restarts:0)(obj:1120;t:0.345;nodes:3815;fails:3781;restarts:0)(obj:1118;t:0.364;nodes:4179;fails:4137;restarts:0)(obj:1107;t:0.371;nodes:4311;fails:4269;restarts:0)(obj:1103;t:0.443;nodes:5361;fails:5318;restarts:0)(obj:1096;t:0.529;nodes:6958;fails:6910;restarts:0)(obj:1092;t:0.803;nodes:11910;fails:11865;restarts:0)(obj:1088;t:0.805;nodes:11963;fails:11912;restarts:0)(obj:1078;t:0.853;nodes:12824;fails:12771;restarts:0)(obj:1070;t:1.000;nodes:15484;fails:15429;restarts:0)(obj:1066;t:1.000;nodes:15486;fails:15432;restarts:0),false,1.014,15486,15435,0,2048.00,55,54,29,-f -varh DOMWDEG -lc 1 -valsel MIN;BestSubset;1;false -restarts NONE;0;1.0;0;false -limit 00h00m01s data/tsp/uncompressed/tsplib/fri26.xml
data/tsp/uncompressed/tsplib/fl1577.xml,1,(varsel=DOMWDEG;flushRate=2147483647),(valsel=MIN;best=BESTSUBSET;bestFreq=1;last=false),(pol=NONE;cutoff=0;offset=0;geo=1.0;resetOnSolution=false),,false,84.519,1,0,0,15136.00,3196,3195,1619,-f -varh DOMWDEG -lc 1 -valsel MIN;BestSubset;1;false -restarts NONE;0;1.0;0;false -limit 00h00m01s data/tsp/uncompressed/tsplib/fl1577.xml
data/tsp/uncompressed/tsplib/u1060.xml,1,(varsel=DOMWDEG;flushRate=2147483647),(valsel=MIN;best=BESTSUBSET;bestFreq=1;last=false),(pol=NONE;cutoff=0;offset=0;geo=1.0;resetOnSolution=false),,false,301.757,1,0,0,20896.00,2155,2154,1095,-f -varh DOMWDEG -lc 1 -valsel MIN;BestSubset;1;false -restarts NONE;0;1.0;0;false -limit 00h00m01s data/tsp/uncompressed/tsplib/u1060.xml
data/tsp/uncompressed/tsplib/nrw1379.xml,1,(varsel=DOMWDEG;flushRate=2147483647),(valsel=MIN;best=BESTSUBSET;bestFreq=1;last=false),(pol=NONE;cutoff=0;offset=0;geo=1.0;resetOnSolution=false),,false,81.410,1,0,0,10928.00,2798,2797,1419,-f -varh DOMWDEG -lc 1 -valsel MIN;BestSubset;1;false -restarts NONE;0;1.0;0;false -limit 00h00m01s data/tsp/uncompressed/tsplib/nrw1379.xml
data/tsp/uncompressed/tsplib/rat783.xml,1,(varsel=DOMWDEG;flushRate=2147483647),(valsel=MIN;best=BESTSUBSET;bestFreq=1;last=false),(pol=NONE;cutoff=0;offset=0;geo=1.0;resetOnSolution=false),,false,6.128,1,0,0,3712.00,1596,1595,813,-f -varh DOMWDEG -lc 1 -valsel MIN;BestSubset;1;false -restarts NONE;0;1.0;0;false -limit 00h00m01s data/tsp/uncompressed/tsplib/rat783.xml
data/tsp/uncompressed/tsplib/a280.xml,1,(varsel=DOMWDEG;flushRate=2147483647),(valsel=MIN;best=BESTSUBSET;bestFreq=1;last=false),(pol=NONE;cutoff=0;offset=0;geo=1.0;resetOnSolution=false),,false,1.004,14,0,0,2048.00,579,578,299,-f -varh DOMWDEG -lc 1 -valsel MIN;BestSubset;1;false -restarts NONE;0;1.0;0;false -limit 00h00m01s data/tsp/uncompressed/tsplib/a280.xml
data/tsp/uncompressed/tsplib/d198.xml,1,(varsel=DOMWDEG;flushRate=2147483647),(valsel=MIN;best=BESTSUBSET;bestFreq=1;last=false),(pol=NONE;cutoff=0;offset=0;geo=1.0;resetOnSolution=false),,false,2.296,1,0,0,2048.00,413,412,215,-f -varh DOMWDEG -lc 1 -valsel MIN;BestSubset;1;false -restarts NONE;0;1.0;0;false -limit 00h00m01s data/tsp/uncompressed/tsplib/d198.xml
data/tsp/uncompressed/tsplib/pr226.xml,1,(varsel=DOMWDEG;flushRate=2147483647),(valsel=MIN;best=BESTSUBSET;bestFreq=1;last=false),(pol=NONE;cutoff=0;offset=0;geo=1.0;resetOnSolution=false),,false,12.753,1,0,0,5888.00,470,469,244,-f -varh DOMWDEG -lc 1 -valsel MIN;BestSubset;1;false -restarts NONE;0;1.0;0;false -limit 00h00m01s data/tsp/uncompressed/tsplib/pr226.xml
data/tsp/uncompressed/tsplib/pr299.xml,1,(varsel=DOMWDEG;flushRate=2147483647),(valsel=MIN;best=BESTSUBSET;bestFreq=1;last=false),(pol=NONE;cutoff=0;offset=0;geo=1.0;resetOnSolution=false),,false,8.588,1,0,0,2048.00,618,617,319,-f -varh DOMWDEG -lc 1 -valsel MIN;BestSubset;1;false -restarts NONE;0;1.0;0;false -limit 00h00m01s data/tsp/uncompressed/tsplib/pr299.xml
data/tsp/uncompressed/tsplib/bays29.xml,1,(varsel=DOMWDEG;flushRate=2147483647),(valsel=MIN;best=BESTSUBSET;bestFreq=1;last=false),(pol=NONE;cutoff=0;offset=0;geo=1.0;resetOnSolution=false),(obj:2445;t:0.065;nodes:28;fails:0;restarts:0)(obj:2344;t:0.066;nodes:29;fails:1;restarts:0)(obj:2254;t:0.069;nodes:33;fails:4;restarts:0)(obj:2198;t:0.080;nodes:50;fails:19;restarts:0)(obj:2191;t:0.154;nodes:382;fails:351;restarts:0)(obj:2167;t:0.245;nodes:1240;fails:1205;restarts:0)(obj:2140;t:0.245;nodes:1243;fails:1207;restarts:0)(obj:2115;t:0.396;nodes:2835;fails:2794;restarts:0)(obj:2102;t:0.397;nodes:2837;fails:2794;restarts:0)(obj:2087;t:0.797;nodes:6752;fails:6710;restarts:0)(obj:2074;t:0.798;nodes:6756;fails:6715;restarts:0)(obj:2070;t:0.894;nodes:7651;fails:7607;restarts:0),false,1.013,8545,8504,0,2048.00,61,60,32,-f -varh DOMWDEG -lc 1 -valsel MIN;BestSubset;1;false -restarts NONE;0;1.0;0;false -limit 00h00m01s data/tsp/uncompressed/tsplib/bays29.xml
data/tsp/uncompressed/tsplib/kroC100.xml,1,(varsel=DOMWDEG;flushRate=2147483647),(valsel=MIN;best=BESTSUBSET;bestFreq=1;last=false),(pol=NONE;cutoff=0;offset=0;geo=1.0;resetOnSolution=false),(obj:32049;t:0.875;nodes:99;fails:0;restarts:0)(obj:31985;t:0.881;nodes:106;fails:6;restarts:0)(obj:31816;t:0.882;nodes:107;fails:6;restarts:0)(obj:31578;t:0.883;nodes:109;fails:7;restarts:0)(obj:31395;t:0.896;nodes:137;fails:31;restarts:0)(obj:31097;t:0.897;nodes:140;fails:33;restarts:0)(obj:31016;t:0.901;nodes:150;fails:40;restarts:0)(obj:30473;t:0.907;nodes:163;fails:52;restarts:0),false,1.014,542,435,0,2048.00,213,212,113,-f -varh DOMWDEG -lc 1 -valsel MIN;BestSubset;1;false -restarts NONE;0;1.0;0;false -limit 00h00m01s data/tsp/uncompressed/tsplib/kroC100.xml
data/tsp/uncompressed/tsplib/pr439.xml,1,(varsel=DOMWDEG;flushRate=2147483647),(valsel=MIN;best=BESTSUBSET;bestFreq=1;last=false),(pol=NONE;cutoff=0;offset=0;geo=1.0;resetOnSolution=false),,false,34.502,1,0,0,12288.00,901,900,462,-f -varh DOMWDEG -lc 1 -valsel MIN;BestSubset;1;false -restarts NONE;0;1.0;0;false -limit 00h00m01s data/tsp/uncompressed/tsplib/pr439.xml
data/tsp/uncompressed/tsplib/gr96.xml,1,(varsel=DOMWDEG;flushRate=2147483647),(valsel=MIN;best=BESTSUBSET;bestFreq=1;last=false),(pol=NONE;cutoff=0;offset=0;geo=1.0;resetOnSolution=false),,false,1.383,1,0,0,2048.00,204,203,108,-f -varh DOMWDEG -lc 1 -valsel MIN;BestSubset;1;false -restarts NONE;0;1.0;0;false -limit 00h00m01s data/tsp/uncompressed/tsplib/gr96.xml
data/tsp/uncompressed/tsplib/rat99.xml,1,(varsel=DOMWDEG;flushRate=2147483647),(valsel=MIN;best=BESTSUBSET;bestFreq=1;last=false),(pol=NONE;cutoff=0;offset=0;geo=1.0;resetOnSolution=false),(obj:1802;t:0.277;nodes:98;fails:0;restarts:0)(obj:1722;t:0.280;nodes:101;fails:2;restarts:0)(obj:1684;t:0.282;nodes:102;fails:3;restarts:0)(obj:1640;t:0.283;nodes:105;fails:3;restarts:0)(obj:1612;t:0.288;nodes:113;fails:10;restarts:0)(obj:1607;t:0.309;nodes:162;fails:58;restarts:0)(obj:1605;t:0.338;nodes:278;fails:171;restarts:0)(obj:1600;t:0.350;nodes:342;fails:235;restarts:0)(obj:1592;t:0.472;nodes:1078;fails:966;restarts:0)(obj:1578;t:0.547;nodes:1724;fails:1610;restarts:0)(obj:1573;t:0.548;nodes:1725;fails:1611;restarts:0)(obj:1566;t:0.670;nodes:2775;fails:2658;restarts:0)(obj:1564;t:0.672;nodes:2782;fails:2664;restarts:0)(obj:1556;t:0.715;nodes:3205;fails:3081;restarts:0)(obj:1549;t:0.716;nodes:3206;fails:3082;restarts:0)(obj:1545;t:0.716;nodes:3209;fails:3085;restarts:0),false,1.016,5618,5500,0,2048.00,210,209,111,-f -varh DOMWDEG -lc 1 -valsel MIN;BestSubset;1;false -restarts NONE;0;1.0;0;false -limit 00h00m01s data/tsp/uncompressed/tsplib/rat99.xml
data/tsp/uncompressed/tsplib/pr264.xml,1,(varsel=DOMWDEG;flushRate=2147483647),(valsel=MIN;best=BESTSUBSET;bestFreq=1;last=false),(pol=NONE;cutoff=0;offset=0;geo=1.0;resetOnSolution=false),,false,9.181,1,0,0,2048.00,547,546,283,-f -varh DOMWDEG -lc 1 -valsel MIN;BestSubset;1;false -restarts NONE;0;1.0;0;false -limit 00h00m01s data/tsp/uncompressed/tsplib/pr264.xml
data/tsp/uncompressed/tsplib/si175.xml,1,(varsel=DOMWDEG;flushRate=2147483647),(valsel=MIN;best=BESTSUBSET;bestFreq=1;last=false),(pol=NONE;cutoff=0;offset=0;geo=1.0;resetOnSolution=false),(obj:32338;t:0.791;nodes:174;fails:0;restarts:0)(obj:32310;t:0.795;nodes:177;fails:2;restarts:0)(obj:32308;t:0.797;nodes:178;fails:2;restarts:0)(obj:32303;t:0.800;nodes:183;fails:6;restarts:0)(obj:32300;t:0.804;nodes:192;fails:10;restarts:0)(obj:32285;t:0.805;nodes:193;fails:10;restarts:0)(obj:32218;t:0.807;nodes:196;fails:11;restarts:0)(obj:32210;t:0.810;nodes:203;fails:17;restarts:0)(obj:32199;t:0.865;nodes:406;fails:217;restarts:0)(obj:32194;t:0.866;nodes:413;fails:223;restarts:0)(obj:32187;t:0.989;nodes:1266;fails:1074;restarts:0)(obj:32181;t:0.993;nodes:1294;fails:1102;restarts:0),false,1.014,1352,1160,0,2048.00,366,365,191,-f -varh DOMWDEG -lc 1 -valsel MIN;BestSubset;1;false -restarts NONE;0;1.0;0;false -limit 00h00m01s data/tsp/uncompressed/tsplib/si175.xml
data/tsp/uncompressed/tsplib/tsp225.xml,1,(varsel=DOMWDEG;flushRate=2147483647),(valsel=MIN;best=BESTSUBSET;bestFreq=1;last=false),(pol=NONE;cutoff=0;offset=0;geo=1.0;resetOnSolution=false),,false,1.009,20,0,0,2048.00,468,467,243,-f -varh DOMWDEG -lc 1 -valsel MIN;BestSubset;1;false -restarts NONE;0;1.0;0;false -limit 00h00m01s data/tsp/uncompressed/tsplib/tsp225.xml
data/tsp/uncompressed/tsplib/ulysses16.xml,1,(varsel=DOMWDEG;flushRate=2147483647),(valsel=MIN;best=BESTSUBSET;bestFreq=1;last=false),(pol=NONE;cutoff=0;offset=0;geo=1.0;resetOnSolution=false),(obj:7851;t:0.064;nodes:15;fails:0;restarts:0)(obj:7719;t:0.067;nodes:20;fails:4;restarts:0)(obj:7639;t:0.073;nodes:32;fails:14;restarts:0)(obj:7566;t:0.076;nodes:38;fails:20;restarts:0)(obj:7520;t:0.087;nodes:63;fails:43;restarts:0)(obj:7264;t:0.088;nodes:69;fails:45;restarts:0)(obj:7168;t:0.094;nodes:86;fails:62;restarts:0)(obj:7059;t:0.183;nodes:758;fails:732;restarts:0)(obj:7055;t:0.183;nodes:762;fails:735;restarts:0)(obj:7050;t:0.184;nodes:775;fails:747;restarts:0)(obj:6992;t:0.185;nodes:782;fails:752;restarts:0)(obj:6983;t:0.185;nodes:786;fails:754;restarts:0)(obj:6955;t:0.304;nodes:2268;fails:2233;restarts:0)(obj:6912;t:0.487;nodes:5299;fails:5262;restarts:0)(obj:6911;t:0.598;nodes:7168;fails:7131;restarts:0),false,1.014,13668,13633,0,2048.00,35,34,19,-f -varh DOMWDEG -lc 1 -valsel MIN;BestSubset;1;false -restarts NONE;0;1.0;0;false -limit 00h00m01s data/tsp/uncompressed/tsplib/ulysses16.xml
